eps,min_samples,n_clusters,noise_ratio,max_tester_share_non_noise
0.8,7,2,0.07420091324200913,0.9747474747474747
0.8,14,2,0.10159817351598173,1.0
1.0,7,1,0.0365296803652968,0.29739336492890994
1.0,14,1,0.06164383561643835,0.30413625304136255
1.5,7,1,0.01598173515981735,0.2923433874709977
1.5,14,1,0.021689497716894976,0.2928821470245041
2.0,7,1,0.0136986301369863,0.2916666666666667
2.0,14,1,0.014840182648401826,0.29200463499420626
