feature,PC1_loading,PC1_explained_variance_ratio,PC2_loading,PC2_explained_variance_ratio
silence_ratio,-0.4671135927575023,0.5500918110963843,0.23497999519610754,0.17192438870921584
narration_density,0.46711359275750264,0.5500918110963843,-0.23497999519610815,0.17192438870921584
words_per_minute,0.30996977702063283,0.5500918110963843,0.6904686886179863,0.17192438870921584
avg_silence_duration,-0.35287813688545205,0.5500918110963843,0.1736549253022114,0.17192438870921584
avg_confidence,0.38587698286580197,0.5500918110963843,-0.2652338862398711,0.17192438870921584
unique_words_ratio,-0.38582058552403614,0.5500918110963843,-0.5322636952145989,0.17192438870921584
avg_sentence_length,0.21271335323543655,0.5500918110963843,-0.17032940150870082,0.17192438870921584
